{
  "description": "AGDC Mesh Table & Golden Reference — VMRImage1 200x150 (Fisheye)",
  "model": "Scaramuzza Omnidirectional Camera Model",
  "scale": 0.1953125,
  "base_calibration": "d:\\Clone\\CameraCalibration\\相机标定课程\\第七章\\Scaramuzza_OCamCalib_v3.0_win\\get_ocam_model.m",
  "parameters": {
    "ss": [
      -27.443690187542792,
      0.0,
      0.0013909033381789616,
      0.00013781806249404548,
      -1.4332956929503608e-07
    ],
    "xc": 100.0,
    "yc": 75.0,
    "c": 1.0,
    "d": 0.0,
    "e": 0.0,
    "calib_radius": 97.265625,
    "pol_coeffs_fitted": [
      56.24584076285299,
      41.50567044232698,
      2.1160564561450848,
      5.220973861506204,
      7.756957041496829,
      2.4267026691924087
    ],
    "theta_order": 5,
    "theta_max_deg": 45.709729661865246
  },
  "image": {
    "input": "d:\\Clone\\CameraCalibration\\agdc_test_fisheye\\source\\VMRImage1_200x150.jpg",
    "input_size": [
      200,
      150
    ],
    "output_size": [
      128,
      96
    ],
    "virtual_fc": 4.0
  },
  "hardware_constraints": {
    "per_row_v_in_span_max": 74.23017402260643,
    "per_row_v_in_span_mean": 70.76221935408941,
    "line_buf_depth_typical": 70,
    "online_mode_feasible": false,
    "recommendation": "离线模式"
  },
  "format_spec": {
    "mesh_node_format": "36-bit = {v[17:0], u[17:0]}",
    "coordinate_format": "u12.5 signed",
    "sram_addressing": "addr = iy * (mesh_cols+1) + ix",
    "frac_bits": 5
  },
  "mesh_tables": {
    "16x12": {
      "grid_cols": 17,
      "grid_rows": 13,
      "num_nodes": 221,
      "tile_w": 8,
      "tile_h": 8,
      "u_range_float": [
        67.73270545534214,
        131.88159962920182
      ],
      "v_range_float": [
        37.75718345479,
        111.98735747739643
      ]
    },
    "32x24": {
      "grid_cols": 33,
      "grid_rows": 25,
      "num_nodes": 825,
      "tile_w": 4,
      "tile_h": 4,
      "u_range_float": [
        67.73270545534214,
        131.88159962920182
      ],
      "v_range_float": [
        37.75718345479,
        111.98735747739643
      ]
    }
  }
}