{
  "mesh_info": {
    "description": "AGDC Mesh Table for Image1.tif",
    "image_size": {
      "width": 640,
      "height": 480
    },
    "grid_size": {
      "cols": 17,
      "rows": 13
    },
    "fixed_point": {
      "frac_bits": 8,
      "scale": 256
    },
    "camera_matrix": [
      [
        657.4461078692183,
        0.0,
        303.1853197952834
      ],
      [
        0.0,
        657.8766602560904,
        242.70848116387566
      ],
      [
        0.0,
        0.0,
        1.0
      ]
    ],
    "dist_coeffs": [
      -0.255414841834118,
      0.124449907410458,
      -0.000216975662453,
      7.4351611502e-05,
      0.0
    ],
    "mesh_col_positions": [
      0,
      39,
      79,
      119,
      159,
      199,
      239,
      279,
      319,
      359,
      399,
      439,
      479,
      519,
      559,
      599,
      639
    ],
    "mesh_row_positions": [
      0,
      39,
      79,
      119,
      159,
      199,
      239,
      279,
      319,
      359,
      399,
      439,
      479
    ]
  },
  "mesh_x_float": [
    [
      22.407808303833008,
      56.15629577636719,
      91.66223907470703,
      128.02835083007812,
      165.1654815673828,
      202.94679260253906,
      241.21592712402344,
      279.79522705078125,
      318.4939270019531,
      357.1162414550781,
      395.46966552734375,
      433.37310791015625,
      470.66510009765625,
      507.2119445800781,
      542.9159545898438,
      577.7235107421875,
      611.6334228515625
    ],
    [
      20.29623794555664,
      54.18067932128906,
      89.88400268554688,
      126.49735260009766,
      163.92266845703125,
      202.0242462158203,
      240.63681030273438,
      279.5738220214844,
      318.6355895996094,
      357.6174621582031,
      396.3180236816406,
      434.5473327636719,
      472.13494873046875,
      508.9383239746094,
      544.8508911132812,
      579.8101196289062,
      613.805908203125
    ],
    [
      18.420146942138672,
      52.431396484375,
      88.31369018554688,
      125.1480941772461,
      162.82904052734375,
      201.2133026123047,
      240.1281280517578,
      279.3794250488281,
      318.7600402832031,
      358.05780029296875,
      397.0637512207031,
      435.5804443359375,
      473.42999267578125,
      510.4623107910156,
      546.563232421875,
      581.662841796875,
      615.7435302734375
    ],
    [
      16.893632888793945,
      51.01165771484375,
      87.04173278808594,
      124.05682373046875,
      161.94552612304688,
      200.55870056152344,
      239.7177276611328,
      279.2226867675781,
      318.8604736328125,
      358.4130859375,
      397.6657409667969,
      436.4150390625,
      474.47723388671875,
      511.6963806152344,
      547.9524536132812,
      583.169677734375,
      617.324462890625
    ],
    [
      15.761157989501953,
      49.960208892822266,
      86.10099792480469,
      123.25056457519531,
      161.29324340820312,
      200.07568359375,
      239.4150390625,
      279.1070861816406,
      318.9345703125,
      358.6751708984375,
      398.1098937988281,
      437.0311279296875,
      475.2508850097656,
      512.6089477539062,
      548.9810180664062,
      584.2871704101562,
      618.4995727539062
    ],
    [
      15.054810523986816,
      49.30500793457031,
      85.51521301269531,
      122.74879455566406,
      160.88748168945312,
      199.7753143310547,
      239.22682189941406,
      279.0352478027344,
      318.98065185546875,
      358.838134765625,
      398.3861389160156,
      437.4143981933594,
      475.7323303222656,
      513.1771240234375,
      549.6218872070312,
      584.9840698242188,
      619.2332153320312
    ],
    [
      14.79430103302002,
      49.063228607177734,
      85.29895782470703,
      122.56349182128906,
      160.7375946044922,
      199.66433715820312,
      239.15728759765625,
      279.0086975097656,
      318.9976501464844,
      358.8983459472656,
      398.4881896972656,
      437.55596923828125,
      475.9101257324219,
      513.3868408203125,
      549.8583984375,
      585.2410888671875,
      619.503662109375
    ],
    [
      14.98696517944336,
      49.24126434326172,
      85.45765686035156,
      122.6991195678711,
      160.84707641601562,
      199.7452850341797,
      239.2079620361328,
      279.02801513671875,
      318.9852600097656,
      358.8544616699219,
      398.41375732421875,
      437.45257568359375,
      475.780029296875,
      513.2330322265625,
      549.6843872070312,
      585.0511474609375,
      619.302734375
    ],
    [
      15.627761840820312,
      49.83472442626953,
      85.9875717163086,
      123.15260314941406,
      161.2135467529297,
      200.01641845703125,
      239.37779235839844,
      279.09283447265625,
      318.94366455078125,
      358.7073974609375,
      398.1643981933594,
      437.1064453125,
      475.344970703125,
      512.7191162109375,
      549.1040649414062,
      584.4191284179688,
      618.635986328125
    ],
    [
      16.699275970458984,
      50.82843017578125,
      86.87584686279297,
      123.91337585449219,
      161.8286895751953,
      200.47177124023438,
      239.6630859375,
      279.2017517089844,
      318.87384033203125,
      358.46038818359375,
      397.74566650390625,
      436.52545166015625,
      474.61505126953125,
      511.8575744628906,
      548.1321411132812,
      583.3619995117188,
      617.5227661132812
    ],
    [
      18.17171287536621,
      52.19642639160156,
      88.10042572021484,
      124.96333312988281,
      162.67837524414062,
      201.10108947753906,
      240.05752563476562,
      279.3523864746094,
      318.7773132324219,
      358.1188659667969,
      397.1669616699219,
      435.7228698730469,
      473.6075134277344,
      510.6695861816406,
      546.7937622070312,
      581.9088134765625,
      615.9960327148438
    ],
    [
      20.002904891967773,
      53.90196228027344,
      89.6301498413086,
      126.27685546875,
      163.7425079345703,
      201.88987731933594,
      240.5522003173828,
      279.5413818359375,
      318.65625,
      357.69061279296875,
      396.44158935546875,
      434.7176208496094,
      472.34686279296875,
      509.1851806640625,
      545.12451171875,
      580.1007690429688,
      614.1024780273438
    ],
    [
      22.1383113861084,
      55.89751434326172,
      91.42467498779297,
      127.82080841064453,
      164.9951934814453,
      202.8194122314453,
      241.13555908203125,
      279.7643737792969,
      318.5135498046875,
      357.1856994628906,
      395.5867919921875,
      433.5341491699219,
      470.86468505859375,
      507.4432067871094,
      543.1703491210938,
      577.9910888671875,
      611.902587890625
    ]
  ],